Title,Author,Length,Rating,Date Published,Date Read,Date Added,Read Count,ISBN13 Number,Amazon Standard Identification Number,Goodreads Number,Review,Cover Image
"Fourth Wing (The Empyrean, #1)","Yarros, Rebecca*",663pp,4,"May 02, 2023","Dec 26, 2023","December 12, 2023",1,,B0BGDM197Q,63219094,Loved the plot!,https://i.gr-assets.com/images/S/compressed.photo.goodreads.com/books/1667572773l/63219094._SY75_.jpg
"A Curse for True Love (Once Upon a Broken Heart, #3)","Garber, Stephanie*",385pp,2,"Oct 24, 2023",Date Read Not Set,"November 23, 2023",1,9781250851208,1250851203,62816044,None,https://i.gr-assets.com/images/S/compressed.photo.goodreads.com/books/1674501506l/62816044._SY75_.jpg
"Divine Rivals (Letters of Enchantment, #1)","Ross, Rebecca*",357pp,4,"Apr 04, 2023","Dec 17, 2023","November 11, 2023",1,,B09Y468XS6,62202008,None,https://i.gr-assets.com/images/S/compressed.photo.goodreads.com/books/1661929417l/62202008._SY75_.jpg
"The Blood Traitor (The Prison Healer, #3)","Noni, Lynette*",464pp,0,"Jun 14, 2022",Date Read Not Set,"September 22, 2023",1,9780358436379,,50882394,None,https://i.gr-assets.com/images/S/compressed.photo.goodreads.com/books/1634217864l/50882394._SY75_.jpg
Detail In Typography,"Hochuli, Jost",61pp,4,2005,Date Read Not Set,"September 18, 2023",1,9780907259343,0907259340,2318174,None,https://i.gr-assets.com/images/S/compressed.photo.goodreads.com/books/1349005586l/2318174._SY75_.jpg
The History of Graphic Design Vol. 1. 1890-1959,"Müller, Jens",480pp,4,"Nov 30, 2017",Date Read Not Set,"February 28, 2023",1,9783836563079,383656307X,37852859,None,https://i.gr-assets.com/images/S/compressed.photo.goodreads.com/books/1515387191l/37852859._SY75_.jpg
"Nine Liars (Truly Devious, #5)","Johnson, Maureen*",449pp,4,"Dec 27, 2022",Date Read Not Set,"December 26, 2022",1,9780063032651,0063032651,60495147,None,https://i.gr-assets.com/images/S/compressed.photo.goodreads.com/books/1650735371l/60495147._SY75_.jpg
Five Survive,"Jackson, Holly*",400pp,5,"Nov 29, 2022","May 31, 2023","December 26, 2022",1,,B09XGQ142Z,61863408,None,https://i.gr-assets.com/images/S/compressed.photo.goodreads.com/books/1659678057l/61863408._SY75_.jpg
"The Ballad of Never After (Once Upon a Broken Heart, #2)","Garber, Stephanie*",403pp,4,"Sep 13, 2022",Date Read Not Set,"October 26, 2022",1,9781250268426,1250268427,59808071,None,https://i.gr-assets.com/images/S/compressed.photo.goodreads.com/books/1645642179l/59808071._SY75_.jpg
"The Gilded Cage (The Prison Healer, #2)","Noni, Lynette*",448pp,4,"Oct 12, 2021",Date Read Not Set,"December 01, 2021",1,,B08NWT51T7,50882354,None,https://i.gr-assets.com/images/S/compressed.photo.goodreads.com/books/1608472691l/50882354._SY75_.jpg
"Our Violent Ends (These Violent Delights, #2)","Gong, Chloe*",494pp,5,"Nov 16, 2021",Date Read Not Set,"November 23, 2021",1,9781529344561,1529344565,44084762,None,https://i.gr-assets.com/images/S/compressed.photo.goodreads.com/books/1612451534l/44084762._SY75_.jpg
"The Prison Healer (The Prison Healer, #1)","Noni, Lynette*",416pp,4,"Apr 13, 2021",Date Read Not Set,"September 21, 2021",1,9780358434559,0358434556,53968496,None,https://i.gr-assets.com/images/S/compressed.photo.goodreads.com/books/1593147576l/53968496._SY75_.jpg
"As Good As Dead (A Good Girl's Guide to Murder, #3)","Jackson, Holly*",552pp,4,"Aug 05, 2021",Date Read Not Set,"September 21, 2021",1,9780593379851,0593379853,56905097,None,https://i.gr-assets.com/images/S/compressed.photo.goodreads.com/books/1623112782l/56905097._SY75_.jpg
"Once Upon a Broken Heart (Once Upon a Broken Heart, #1)","Garber, Stephanie*",403pp,3,"Sep 28, 2021",Date Read Not Set,"September 21, 2021",1,9781529380903,1529380901,56251143,None,https://i.gr-assets.com/images/S/compressed.photo.goodreads.com/books/1623337991l/56251143._SX50_.jpg
"These Hollow Vows (These Hollow Vows, #1)","Ryan, Lexi*",448pp,3,"Jul 20, 2021",Date Read Not Set,"August 31, 2021",1,,B08B3K64RC,53422971,None,https://i.gr-assets.com/images/S/compressed.photo.goodreads.com/books/1603478051l/53422971._SY75_.jpg
"Hunting November (Killing November, #2)","Mather, Adriana*",368pp,4,"May 05, 2020",Date Read Not Set,"August 31, 2021",1,9780525579120,0525579125,51052498,None,https://i.gr-assets.com/images/S/compressed.photo.goodreads.com/books/1561997075l/51052498._SX50_SY75_.jpg
"Killing November (Killing November, #1)","Mather, Adriana*",406pp,4,"Mar 26, 2019",Date Read Not Set,"July 19, 2021",1,9780525579083,0525579087,35053980,None,https://i.gr-assets.com/images/S/compressed.photo.goodreads.com/books/1550180267l/35053980._SX50_.jpg
The Cheerleaders,"Thomas, Kara",384pp,3,"Jul 31, 2018",Date Read Not Set,"July 18, 2021",1,9781524718329,1524718327,30969755,None,https://i.gr-assets.com/images/S/compressed.photo.goodreads.com/books/1508532886l/30969755._SY75_.jpg
"Pretty Little Liars (Pretty Little Liars, #1)","Shepard, Sara*",286pp,2,"Oct 03, 2006",Date Read Not Set,"July 08, 2021",1,9780060887308,0060887303,162085,None,https://i.gr-assets.com/images/S/compressed.photo.goodreads.com/books/1377830522l/162085._SY75_.jpg
"The Princess Diaries (The Princess Diaries, #1)","Cabot, Meg*",283pp,2,"May 30, 2000",Date Read Not Set,"July 08, 2021",1,9780613371650,0613371658,38980,None,https://i.gr-assets.com/images/S/compressed.photo.goodreads.com/books/1355011082l/38980._SY75_.jpg
"The Name of the Star (Shades of London, #1)","Johnson, Maureen*",372pp,3,"Sep 29, 2011",Date Read Not Set,"June 12, 2021",1,9780142422052,0142422053,13595639,None,https://i.gr-assets.com/images/S/compressed.photo.goodreads.com/books/1338652359l/13595639._SX50_.jpg
"The Naturals (The Naturals, #1)","Barnes, Jennifer Lynn*",308pp,2,"Nov 05, 2013",Date Read Not Set,"June 07, 2021",1,9781423168232,1423168232,13597723,None,https://i.gr-assets.com/images/S/compressed.photo.goodreads.com/books/1620015246l/13597723._SY75_.jpg
"The Traitor Queen (The Bridge Kingdom, #2)","Jensen, Danielle L.*",352pp,5,"Sep 01, 2020",Date Read Not Set,"June 01, 2021",1,,,50719471,None,https://i.gr-assets.com/images/S/compressed.photo.goodreads.com/books/1599853320l/50719471._SY75_.jpg
"The Bridge Kingdom (The Bridge Kingdom, #1)","Jensen, Danielle L.*",356pp,4,"Oct 16, 2018",Date Read Not Set,"June 01, 2021",1,,B07SB6FRDN,53921926,None,https://i.gr-assets.com/images/S/compressed.photo.goodreads.com/books/1591726304l/53921926._SY75_.jpg
"Dance of Thieves (Dance of Thieves, #1)","Pearson, Mary E.*",512pp,0,"Aug 07, 2018",Date Read Not Set,"May 10, 2021",1,9781250159014,1250159016,35796008,None,https://i.gr-assets.com/images/S/compressed.photo.goodreads.com/books/1505930101l/35796008._SY75_.jpg
"Siege and Storm (The Shadow and Bone Trilogy, #2)","Bardugo, Leigh*",435pp,3,"Jun 04, 2013",Date Read Not Set,"May 03, 2021",1,,,14061955,None,https://i.gr-assets.com/images/S/compressed.photo.goodreads.com/books/1362166252l/14061955._SX50_.jpg
"The Inheritance Games (The Inheritance Games, #1)","Barnes, Jennifer Lynn*",386pp,2,"Sep 01, 2020",Date Read Not Set,"May 02, 2021",1,9781368052405,1368052401,52439531,None,https://i.gr-assets.com/images/S/compressed.photo.goodreads.com/books/1587396413l/52439531._SY75_.jpg
"The Rose & the Dagger (The Wrath and the Dawn, #2)","Ahdieh, Renee*",416pp,4,"Apr 26, 2016",Date Read Not Set,"April 16, 2021",1,9780399171628,0399171622,23308084,None,https://i.gr-assets.com/images/S/compressed.photo.goodreads.com/books/1443797156l/23308084._SY75_.jpg
"These Violent Delights (These Violent Delights, #1)","Gong, Chloe*",449pp,4,"Nov 17, 2020",Date Read Not Set,"April 02, 2021",1,9781534457690,1534457690,50892212,None,https://i.gr-assets.com/images/S/compressed.photo.goodreads.com/books/1580958058l/50892212._SY75_.jpg
"The Wrath and the Dawn (The Wrath and the Dawn, #1)","Ahdieh, Renee*",416pp,5,"May 12, 2015",Date Read Not Set,"April 02, 2021",1,9780399171611,0399171614,18798983,None,https://i.gr-assets.com/images/S/compressed.photo.goodreads.com/books/1417956963l/18798983._SY75_.jpg
"Kingdom of the Wicked (Kingdom of the Wicked, #1)","Maniscalco, Kerri*",372pp,4,"Oct 27, 2020",Date Read Not Set,"March 25, 2021",1,9780316428460,0316428469,52735921,None,https://i.gr-assets.com/images/S/compressed.photo.goodreads.com/books/1578938260l/52735921._SX50_SY75_.jpg
"As Good As Dead (A Good Girl's Guide to Murder, #3)","Jackson, Holly*",557pp,4,"Aug 05, 2021",Date Read Not Set,"March 20, 2021",1,9781405298605,140529860X,52814139,None,https://i.gr-assets.com/images/S/compressed.photo.goodreads.com/books/1611854931l/52814139._SY75_.jpg
"Chain of Iron (The Last Hours, #2)","Clare, Cassandra*",656pp,4,"Mar 02, 2021",Date Read Not Set,"March 05, 2021",1,9781406358100,140635810X,17699855,None,https://i.gr-assets.com/images/S/compressed.photo.goodreads.com/books/1604591461l/17699855._SY75_.jpg
"Crush (Crave, #2)","Wolff, Tracy",704pp,3,"Sep 29, 2020","Jan 15, 2021","January 12, 2021",1,,B086J3PVLQ,53512484,None,https://i.gr-assets.com/images/S/compressed.photo.goodreads.com/books/1596045047l/53512484._SY75_.jpg
"Crave (Crave, #1)","Wolff, Tracy",592pp,3,"Apr 07, 2020",Date Read Not Set,"January 08, 2021",1,9781640638952,1640638954,45892228,None,https://i.gr-assets.com/images/S/compressed.photo.goodreads.com/books/1578850525l/45892228._SX50_.jpg
Hunting Prince Dracula (Stalking Jack the Ripper #2),"Maniscalco, Kerri*",448pp,4,"Sep 19, 2017",Date Read Not Set,"December 16, 2020",1,9780316551663,031655166X,33784373,None,https://i.gr-assets.com/images/S/compressed.photo.goodreads.com/books/1489420853l/33784373._SX50_.jpg
"Stalking Jack the Ripper (Stalking Jack the Ripper, #1)","Maniscalco, Kerri*",337pp,3,"Sep 20, 2016",Date Read Not Set,"December 04, 2020",1,,B01BU1IURC,40727470,None,https://i.gr-assets.com/images/S/compressed.photo.goodreads.com/books/1530823449l/40727470._SY75_.jpg
"The Box in the Woods (Truly Devious, #4)","Johnson, Maureen*",400pp,4,"Jun 15, 2021",Date Read Not Set,"December 04, 2020",1,9780063032620,B09QKSWGM5,52716736,None,https://i.gr-assets.com/images/S/compressed.photo.goodreads.com/books/1592740203l/52716736._SY75_.jpg
The Widow of Wall Street,"Meyers, Randy Susan*",339pp,4,"Apr 11, 2017",Date Read Not Set,"November 12, 2020",1,9781501131349,1501131346,30753736,None,https://i.gr-assets.com/images/S/compressed.photo.goodreads.com/books/1471809590l/30753736._SY75_.jpg
"Unspoken (The Lynburn Legacy, #1)","Brennan, Sarah Rees*",370pp,2,"Sep 11, 2012",Date Read Not Set,"October 16, 2020",1,9780375870415,0375870415,10866624,None,https://i.gr-assets.com/images/S/compressed.photo.goodreads.com/books/1333397426l/10866624._SY75_.jpg
Beach Read,"Henry, Emily*",400pp,3,"May 19, 2020",Date Read Not Set,"September 04, 2020",1,9781984806734,1984806734,52867387,None,https://i.gr-assets.com/images/S/compressed.photo.goodreads.com/books/1589881197l/52867387._SX50_.jpg
"A Torch Against the Night (An Ember in the Ashes, #2)","Tahir, Sabaa*",452pp,4,"Aug 30, 2016",Date Read Not Set,"August 28, 2020",1,9780008250447,0008250448,25558608,None,https://i.gr-assets.com/images/S/compressed.photo.goodreads.com/books/1463675717l/25558608._SY75_.jpg
"Lady Smoke (Ash Princess Trilogy, #2)","Sebastian, Laura*",496pp,3,"Feb 05, 2019",Date Read Not Set,"August 26, 2020",1,9781524767105,1524767107,40702154,None,https://i.gr-assets.com/images/S/compressed.photo.goodreads.com/books/1532535833l/40702154._SY75_.jpg
"Ember Queen (Ash Princess Trilogy, #3)","Sebastian, Laura*",512pp,5,"Feb 04, 2020",Date Read Not Set,"August 26, 2020",1,,B07SZQQ1RT,39216077,None,https://i.gr-assets.com/images/S/compressed.photo.goodreads.com/books/1561484334l/39216077._SX50_.jpg
"Ash Princess (Ash Princess Trilogy, #1)","Sebastian, Laura*",432pp,4,"Apr 24, 2018",Date Read Not Set,"August 26, 2020",1,9781524767068,,32505753,None,https://i.gr-assets.com/images/S/compressed.photo.goodreads.com/books/1503181967l/32505753._SY75_.jpg
Who Killed Roger Ackroyd?: The Mystery Behind the Agatha Christie Mystery,"Bayard, Pierre",176pp,5,1998,Date Read Not Set,"August 25, 2020",1,9781565846777,156584677X,140314,None,https://i.gr-assets.com/images/S/compressed.photo.goodreads.com/books/1172116806l/140314._SY75_.jpg
Royals,"Hawkins, Rachel*",306pp,3,"May 01, 2018","Sep 02, 2020","August 13, 2020",1,9781407191560,B07CDR99CV,39873980,None,https://i.gr-assets.com/images/S/compressed.photo.goodreads.com/books/1523968545l/39873980._SY75_.jpg
The Darkest Part of the Forest,"Black, Holly*",336pp,4,"Jan 13, 2015",Date Read Not Set,"August 12, 2020",1,9780316213073,0316213071,20958632,None,https://i.gr-assets.com/images/S/compressed.photo.goodreads.com/books/1397755014l/20958632._SX50_.jpg
"An Ember in the Ashes (An Ember in the Ashes, #1)","Tahir, Sabaa*",446pp,4,"Apr 28, 2015",Date Read Not Set,"August 12, 2020",1,9781595148049,1595148043,36040400,None,https://i.gr-assets.com/images/S/compressed.photo.goodreads.com/books/1519425784l/36040400._SX50_.jpg
Eleanor & Park,"Rowell, Rainbow*",328pp,3,"Apr 12, 2012",Date Read Not Set,"August 12, 2020",1,9781250012579,1250012570,15745753,None,https://i.gr-assets.com/images/S/compressed.photo.goodreads.com/books/1341952742l/15745753._SX50_.jpg
Gone Girl,"Flynn, Gillian*",415pp,3,"May 14, 2012",Date Read Not Set,"July 11, 2020",1,,,19288043,None,https://i.gr-assets.com/images/S/compressed.photo.goodreads.com/books/1554086139l/19288043._SY75_.jpg
"The House of Hades (The Heroes of Olympus, #4)","Riordan, Rick*",597pp,4,"Oct 08, 2013",Date Read Not Set,"June 30, 2020",1,9781423146728,1423146727,12127810,None,https://i.gr-assets.com/images/S/compressed.photo.goodreads.com/books/1464201430l/12127810._SY75_.jpg
"The Mark of Athena (The Heroes of Olympus, #3)","Riordan, Rick*",586pp,4,"Oct 02, 2012",Date Read Not Set,"June 30, 2020",1,9781423140603,1423140605,12127750,None,https://i.gr-assets.com/images/S/compressed.photo.goodreads.com/books/1464201354l/12127750._SY75_.jpg
All the Bright Places,"Niven, Jennifer*",378pp,4,"Jan 06, 2015",Date Read Not Set,"June 26, 2020",1,9780385755887,0385755880,18460392,None,https://i.gr-assets.com/images/S/compressed.photo.goodreads.com/books/1404331702l/18460392._SY75_.jpg
"Allegiant (Divergent, #3)","Roth, Veronica*",531pp,3,"Oct 22, 2013",Date Read Not Set,"June 26, 2020",1,9780007524273,0007524277,18710190,None,https://i.gr-assets.com/images/S/compressed.photo.goodreads.com/books/1395582745l/18710190._SY75_.jpg
Sharp Objects,"Flynn, Gillian*",254pp,4,"Sep 26, 2006",Date Read Not Set,"June 26, 2020",1,,,18045891,None,https://i.gr-assets.com/images/S/compressed.photo.goodreads.com/books/1475695315l/18045891._SY75_.jpg
"Keys to the Demon Prison (Fablehaven, #5)","Mull, Brandon*",593pp,5,"Jan 01, 2010",Date Read Not Set,"June 23, 2020",1,9781606412381,1606412388,7243142,None,https://i.gr-assets.com/images/S/compressed.photo.goodreads.com/books/1298081448l/7243142._SX50_.jpg
"Secrets of the Dragon Sanctuary (Fablehaven, #4)","Mull, Brandon*",535pp,4,2009,Date Read Not Set,"June 23, 2020",1,9781606410424,1606410423,5217282,None,https://i.gr-assets.com/images/S/compressed.photo.goodreads.com/books/1388284893l/5217282._SX50_.jpg
"Grip of the Shadow Plague (Fablehaven, #3)","Mull, Brandon*",477pp,4,"Apr 21, 2008",Date Read Not Set,"June 23, 2020",1,9781590388983,1590388984,2146957,None,https://i.gr-assets.com/images/S/compressed.photo.goodreads.com/books/1388607686l/2146957._SX50_.jpg
"Rise of the Evening Star (Fablehaven, #2)","Mull, Brandon*",456pp,4,"Apr 24, 2007",Date Read Not Set,"June 23, 2020",1,9781590387429,1590387422,784911,None,https://i.gr-assets.com/images/S/compressed.photo.goodreads.com/books/1386633982l/784911._SX50_.jpg
"Good Girl, Bad Blood (A Good Girl's Guide to Murder, #2)","Jackson, Holly*",417pp,5,"Apr 30, 2020",Date Read Not Set,"June 22, 2020",1,9781405297752,1405297751,51335759,None,https://i.gr-assets.com/images/S/compressed.photo.goodreads.com/books/1588319723l/51335759._SY75_.jpg
"A Good Girl's Guide to Murder (A Good Girl's Guide to Murder, #1)","Jackson, Holly*",433pp,5,"May 02, 2019",Date Read Not Set,"June 21, 2020",1,9781405293181,1405293187,40916679,None,https://i.gr-assets.com/images/S/compressed.photo.goodreads.com/books/1545494980l/40916679._SY75_.jpg
"Three Act Tragedy (Hercule Poirot, #11)","Christie, Agatha",336pp,3,"Jun 01, 1934",Date Read Not Set,"June 21, 2020",1,9780425205976,0425205975,140360,None,https://i.gr-assets.com/images/S/compressed.photo.goodreads.com/books/1388695324l/140360._SY75_.jpg
"Murder on the Orient Express (Hercule Poirot, #10)","Christie, Agatha",274pp,4,"Jan 01, 1934",Date Read Not Set,"June 21, 2020",1,9780007119318,B006VWJ2XC,853510,None,https://i.gr-assets.com/images/S/compressed.photo.goodreads.com/books/1486131451l/853510._SY75_.jpg
"To All the Boys I've Loved Before (To All the Boys I've Loved Before, #1)","Han, Jenny*",355pp,3,"Apr 15, 2014",Date Read Not Set,"June 20, 2020",1,,,15749186,None,https://i.gr-assets.com/images/S/compressed.photo.goodreads.com/books/1372086100l/15749186._SY75_.jpg
"One of Us Is Next (One of Us Is Lying, #2)","McManus, Karen*",377pp,3,"Jan 07, 2020",Date Read Not Set,"June 10, 2020",1,9780525707967,0525707964,44654627,None,https://i.gr-assets.com/images/S/compressed.photo.goodreads.com/books/1558455815l/44654627._SY75_.jpg
"Chain of Gold (The Last Hours, #1)","Clare, Cassandra*",582pp,5,"Mar 03, 2020",Date Read Not Set,"June 10, 2020",1,9781481431873,1481431870,17699853,None,https://i.gr-assets.com/images/S/compressed.photo.goodreads.com/books/1571379245l/17699853._SY75_.jpg
"The Elite (The Selection, #2)","Cass, Kiera*",336pp,4,"Apr 23, 2013",Date Read Not Set,"June 06, 2020",1,9780062059963,0062059963,16248068,None,https://i.gr-assets.com/images/S/compressed.photo.goodreads.com/books/1391454595l/16248068._SY75_.jpg
"Aurora Rising (The Aurora Cycle, #1)","Kaufman, Amie*",473pp,2,"May 06, 2019",Date Read Not Set,"April 05, 2020",1,9781524720964,1524720968,30075662,None,https://i.gr-assets.com/images/S/compressed.photo.goodreads.com/books/1560056657l/30075662._SY75_.jpg
"The Hitchhiker’s Guide to the Galaxy (The Hitchhiker's Guide to the Galaxy, #1)","Adams, Douglas",193pp,4,"Oct 12, 1979",Date Read Not Set,"April 05, 2020",1,,,386162,None,https://i.gr-assets.com/images/S/compressed.photo.goodreads.com/books/1559986152l/386162._SX50_SY75_.jpg
"Everything, Everything","Yoon, Nicola*",312pp,3,"Sep 01, 2015",Date Read Not Set,"April 05, 2020",1,9780553496642,0553496646,18692431,None,https://i.gr-assets.com/images/S/compressed.photo.goodreads.com/books/1450515891l/18692431._SY75_.jpg
Maze Runner: The Scorch Trials: The Official Graphic Novel Prelude,"Lanzing, Jackson",96pp,3,"Jun 23, 2015",Date Read Not Set,"April 05, 2020",1,9781608867509,1608867501,23452896,None,https://i.gr-assets.com/images/S/compressed.photo.goodreads.com/books/1427674948l/23452896._SY75_.jpg
The Perks of Being a Wallflower,"Chbosky, Stephen",213pp,4,"Feb 01, 1999",Date Read Not Set,"April 05, 2020",1,,,22628,None,https://i.gr-assets.com/images/S/compressed.photo.goodreads.com/books/1650033115l/22628._SX50_.jpg
"The Vanishing Stair (Truly Devious, #2)","Johnson, Maureen*",369pp,4,"Jan 22, 2019",Date Read Not Set,"April 05, 2020",1,9780062338082,0062338080,39893545,None,https://i.gr-assets.com/images/S/compressed.photo.goodreads.com/books/1529970325l/39893545._SY75_.jpg
"The Toll (Arc of a Scythe, #3)","Shusterman, Neal*",625pp,5,"Nov 05, 2019",Date Read Not Set,"April 05, 2020",1,9781481497060,1481497065,43822024,None,https://i.gr-assets.com/images/S/compressed.photo.goodreads.com/books/1558117336l/43822024._SY75_.jpg
"Thunderhead (Arc of a Scythe, #2)","Shusterman, Neal*",504pp,5,"Jan 09, 2018",Date Read Not Set,"April 03, 2020",1,9781442472457,1442472456,33555224,None,https://i.gr-assets.com/images/S/compressed.photo.goodreads.com/books/1505658534l/33555224._SY75_.jpg
"Of Curses and Kisses (St. Rosetta's Academy, #1)","Menon, Sandhya*",384pp,3,"Feb 18, 2020",Date Read Not Set,"March 31, 2020",1,,,43985469,None,https://i.gr-assets.com/images/S/compressed.photo.goodreads.com/books/1564596749l/43985469._SY75_.jpg
"In the Woods (Dublin Murder Squad, #1)","French, Tana*",431pp,4,"May 17, 2007",Date Read Not Set,"March 22, 2020",1,,,2459785,None,https://i.gr-assets.com/images/S/compressed.photo.goodreads.com/books/1562761513l/2459785._SY75_.jpg
"Angels & Demons (Robert Langdon, #1)","Brown, Dan*",736pp,4,May 2000,Date Read Not Set,"March 22, 2020",1,9781416524793,1416524797,960,None,https://i.gr-assets.com/images/S/compressed.photo.goodreads.com/books/1696691404l/960._SY75_.jpg
"The Da Vinci Code (Robert Langdon, #2)","Brown, Dan*",489pp,4,"Mar 18, 2003",Date Read Not Set,"March 22, 2020",1,,,968,None,https://i.gr-assets.com/images/S/compressed.photo.goodreads.com/books/1579621267l/968._SY75_.jpg
"A Winter's Promise (The Mirror Visitor, #1)","Dabos, Christelle",443pp,1,"Jun 06, 2013","Mar 21, 2020","March 19, 2020",1,,B07B8WK17G,39986039,None,https://i.gr-assets.com/images/S/compressed.photo.goodreads.com/books/1681495804l/39986039._SY75_.jpg
"One of Us Is Lying (One of Us is Lying, #1)","McManus, Karen*",360pp,4,"May 30, 2017","Mar 22, 2020","January 10, 2020",1,,,32571395,None,https://i.gr-assets.com/images/S/compressed.photo.goodreads.com/books/1490084494l/32571395._SY75_.jpg
"A Curse So Dark and Lonely (Cursebreakers, #1)","Kemmerer, Brigid*",484pp,4,"Jan 29, 2019",Date Read Not Set,"November 22, 2019",1,9781681195087,1681195089,43204703,None,https://i.gr-assets.com/images/S/compressed.photo.goodreads.com/books/1574179523l/43204703._SY75_.jpg
"House of Earth and Blood (Crescent City, #1)","Maas, Sarah J.*",804pp,0,"Mar 03, 2020","Dec 29, 2022","November 22, 2019",1,,B07QBC8QTP,44797223,None,https://i.gr-assets.com/images/S/compressed.photo.goodreads.com/books/1559143085l/44797223._SY75_.jpg
"Before the Devil Breaks You (The Diviners, #3)","Bray, Libba*",552pp,5,"Oct 03, 2017",Date Read Not Set,"November 21, 2019",1,9780316126069,0316126063,25985241,None,https://i.gr-assets.com/images/S/compressed.photo.goodreads.com/books/1498737891l/25985241._SY75_.jpg
"Lair of Dreams (The Diviners, #2)","Bray, Libba*",613pp,5,"Aug 25, 2015",Date Read Not Set,"November 21, 2019",1,9780316126045,0316126047,16060716,None,https://i.gr-assets.com/images/S/compressed.photo.goodreads.com/books/1560630223l/16060716._SY75_.jpg
"Serpent & Dove (Serpent & Dove, #1)","Mahurin, Shelby*",513pp,4,"Sep 03, 2019",Date Read Not Set,"November 21, 2019",1,,,40024139,None,https://i.gr-assets.com/images/S/compressed.photo.goodreads.com/books/1549476128l/40024139._SY75_.jpg
"The Lost Sisters (The Folk of the Air, #1.5)","Black, Holly*",50pp,5,"Oct 02, 2018","Nov 21, 2019","November 21, 2019",1,9780316310444,,40772063,None,https://i.gr-assets.com/images/S/compressed.photo.goodreads.com/books/1531854833l/40772063._SX50_.jpg
"A Study in Charlotte (Charlotte Holmes, #1)","Cavallaro, Brittany*",321pp,2,"Mar 01, 2016",Date Read Not Set,"July 21, 2019",1,9780062398901,0062398903,23272028,None,https://i.gr-assets.com/images/S/compressed.photo.goodreads.com/books/1435248277l/23272028._SY75_.jpg
"The Dream Thieves (The Raven Cycle, #2)","Stiefvater, Maggie*",439pp,0,"Sep 17, 2013",Date Read Not Set,"July 04, 2019",1,9780545424943,0545424941,17347389,None,https://i.gr-assets.com/images/S/compressed.photo.goodreads.com/books/1477103777l/17347389._SY75_.jpg
"Caraval (Caraval, #1)","Garber, Stephanie*",407pp,3,"Sep 29, 2016",Date Read Not Set,"July 04, 2019",1,9781250095251,1250095255,27883214,None,https://i.gr-assets.com/images/S/compressed.photo.goodreads.com/books/1465563623l/27883214._SY75_.jpg
"City of Heavenly Fire (The Mortal Instruments, #6)","Clare, Cassandra*",725pp,3,"May 27, 2014",Date Read Not Set,"July 04, 2019",1,9781481426305,1481426303,8755785,None,https://i.gr-assets.com/images/S/compressed.photo.goodreads.com/books/1460477794l/8755785._SY75_.jpg
"Red Queen (Red Queen, #1)","Aveyard, Victoria*",388pp,3,"Feb 10, 2015",Date Read Not Set,"July 04, 2019",1,,0062310631,22328546,None,https://i.gr-assets.com/images/S/compressed.photo.goodreads.com/books/1449778912l/22328546._SY75_.jpg
"The Last Olympian (Percy Jackson and the Olympians, #5)","Riordan, Rick*",381pp,5,"May 05, 2009",Date Read Not Set,"July 04, 2019",1,9781423101475,1423101472,4556058,None,https://i.gr-assets.com/images/S/compressed.photo.goodreads.com/books/1519022209l/4556058._SX50_.jpg
"The Battle of the Labyrinth (Percy Jackson and the Olympians, #4)","Riordan, Rick*",361pp,5,"Mar 06, 2008",Date Read Not Set,"July 04, 2019",1,9781423101468,1423101464,2120932,None,https://i.gr-assets.com/images/S/compressed.photo.goodreads.com/books/1518607478l/2120932._SX50_.jpg
"The Titan's Curse (Percy Jackson and the Olympians, #3)","Riordan, Rick*",320pp,5,"May 05, 2007",Date Read Not Set,"July 04, 2019",1,9780141382890,0141382899,561456,None,https://i.gr-assets.com/images/S/compressed.photo.goodreads.com/books/1361038385l/561456._SY75_.jpg
"The Sea of Monsters (Percy Jackson and the Olympians, #2)","Riordan, Rick*",279pp,5,"Apr 01, 2006",Date Read Not Set,"July 04, 2019",1,9780786856862,,28186,None,https://i.gr-assets.com/images/S/compressed.photo.goodreads.com/books/1400602661l/28186._SX50_.jpg
"The Hand on the Wall (Truly Devious, #3)","Johnson, Maureen*",369pp,5,"Jan 21, 2020",Date Read Not Set,"July 04, 2019",1,9780062338112,0062338110,45240918,None,https://i.gr-assets.com/images/S/compressed.photo.goodreads.com/books/1561155199l/45240918._SY75_.jpg
Turtles All the Way Down,"Green, John*",290pp,5,"Oct 10, 2017",Date Read Not Set,"May 09, 2019",1,9780525555360,0525555366,35504431,None,https://i.gr-assets.com/images/S/compressed.photo.goodreads.com/books/1503002776l/35504431._SY75_.jpg
"The Raven Boys (The Raven Cycle, #1)","Stiefvater, Maggie*",409pp,4,"Sep 18, 2012",Date Read Not Set,"May 09, 2019",1,9780545424929,0545424925,17675462,None,https://i.gr-assets.com/images/S/compressed.photo.goodreads.com/books/1573508485l/17675462._SY75_.jpg
"Shadow and Bone (The Shadow and Bone Trilogy, #1)","Bardugo, Leigh*",358pp,1,"Jun 05, 2012",Date Read Not Set,"May 09, 2019",1,,,10194157,None,https://i.gr-assets.com/images/S/compressed.photo.goodreads.com/books/1339533695l/10194157._SX50_.jpg
"The Murder of Roger Ackroyd (Hercule Poirot, #4)","Christie, Agatha",288pp,4,"Jun 07, 1926",Date Read Not Set,"May 09, 2019",1,9781579126278,1579126278,16328,None,https://i.gr-assets.com/images/S/compressed.photo.goodreads.com/books/1389734015l/16328._SY75_.jpg
"The Unbecoming of Mara Dyer (Mara Dyer, #1)","Hodkin, Michelle*",456pp,3,"Sep 27, 2011",Date Read Not Set,"March 14, 2019",1,,B004IK988I,11408650,None,https://i.gr-assets.com/images/S/compressed.photo.goodreads.com/books/1336655755l/11408650._SX50_.jpg
The Chaos of Standing Still,"Brody, Jessica*",406pp,4,"Nov 28, 2017",Date Read Not Set,"March 13, 2019",1,9781481499187,1481499181,34144464,None,https://i.gr-assets.com/images/S/compressed.photo.goodreads.com/books/1496449174l/34144464._SY75_.jpg
"The Hate U Give (The Hate U Give, #1)","Thomas, Angie*",454pp,4,"Feb 28, 2017",Date Read Not Set,"March 03, 2019",1,,0062498533,32075671,None,https://i.gr-assets.com/images/S/compressed.photo.goodreads.com/books/1476284759l/32075671._SY75_.jpg
"Scythe (Arc of a Scythe, #1)","Shusterman, Neal*",435pp,5,"Nov 22, 2016",Date Read Not Set,"January 28, 2019",1,,,28954189,None,https://i.gr-assets.com/images/S/compressed.photo.goodreads.com/books/1456172676l/28954189._SY75_.jpg
"The Diviners (The Diviners, #1)","Bray, Libba*",578pp,4,"Sep 18, 2012",Date Read Not Set,"January 28, 2019",1,,,7728889,None,https://i.gr-assets.com/images/S/compressed.photo.goodreads.com/books/1555345561l/7728889._SY75_.jpg
"The Queen of Nothing (The Folk of the Air, #3)","Black, Holly*",300pp,5,"Nov 19, 2019",Date Read Not Set,"January 21, 2019",1,9780316310406,,26032912,None,https://i.gr-assets.com/images/S/compressed.photo.goodreads.com/books/1553624975l/26032912._SX50_.jpg
"Defy Me (Shatter Me, #5)","Mafi, Tahereh",357pp,5,"Apr 02, 2019",Date Read Not Set,"November 28, 2018",1,9780062676399,0062676393,34992959,None,https://i.gr-assets.com/images/S/compressed.photo.goodreads.com/books/1548349704l/34992959._SX50_.jpg
"Our Dark Duet (Monsters of Verity, #2)","Schwab, Victoria*",528pp,5,"Jun 13, 2017",Date Read Not Set,"November 21, 2018",1,9780062380883,0062380885,32075662,None,https://i.gr-assets.com/images/S/compressed.photo.goodreads.com/books/1476399662l/32075662._SY75_.jpg
"Winter (The Lunar Chronicles, #4)","Meyer, Marissa*",827pp,5,"Nov 10, 2015",Date Read Not Set,"November 21, 2018",1,9780312642983,0312642989,13206900,None,https://i.gr-assets.com/images/S/compressed.photo.goodreads.com/books/1470057036l/13206900._SX50_.jpg
"Cress (The Lunar Chronicles, #3)","Meyer, Marissa*",552pp,4,"Feb 04, 2014",Date Read Not Set,"November 21, 2018",1,9780312642976,0312642970,13206828,None,https://i.gr-assets.com/images/S/compressed.photo.goodreads.com/books/1470057005l/13206828._SY75_.jpg
"Scarlet (The Lunar Chronicles, #2)","Meyer, Marissa*",454pp,4,"Feb 05, 2013",Date Read Not Set,"November 21, 2018",1,9780312642969,0312642962,13206760,None,https://i.gr-assets.com/images/S/compressed.photo.goodreads.com/books/1470056982l/13206760._SY75_.jpg
"Truly, Devious (Truly Devious, #1)","Johnson, Maureen*",416pp,5,"Jan 16, 2018",Date Read Not Set,"November 21, 2018",1,,,29589074,None,https://i.gr-assets.com/images/S/compressed.photo.goodreads.com/books/1498501619l/29589074._SX50_.jpg
"Renegades (Renegades, #1)","Meyer, Marissa*",552pp,4,"Nov 07, 2017",Date Read Not Set,"November 17, 2018",1,9781250044662,1250044669,28421168,None,https://i.gr-assets.com/images/S/compressed.photo.goodreads.com/books/1494896884l/28421168._SX50_.jpg
"Endgame (Night School, #5)","Daugherty, C.J.*",375pp,4,"Jun 06, 2015",Date Read Not Set,"October 28, 2018",1,,,17978510,None,https://i.gr-assets.com/images/S/compressed.photo.goodreads.com/books/1425033413l/17978510._SY75_.jpg
"Resistance (Night School, #4)","Daugherty, C.J.*",393pp,5,"May 15, 2014",Date Read Not Set,"October 28, 2018",1,9780349001708,0349001707,21130121,None,https://i.gr-assets.com/images/S/compressed.photo.goodreads.com/books/1394409055l/21130121._SY75_.jpg
"Fracture (Night School, #3)","Daugherty, C.J.*",374pp,4,"Jan 01, 2013",Date Read Not Set,"October 28, 2018",1,9780349001715,0349001715,17345616,None,https://i.gr-assets.com/images/S/compressed.photo.goodreads.com/books/1368805659l/17345616._SY75_.jpg
"Legacy (Night School, #2)","Daugherty, C.J.*",385pp,4,"Nov 22, 2012","Oct 28, 2018","October 28, 2018",2,9781907411229,1907411224,15757366,None,https://i.gr-assets.com/images/S/compressed.photo.goodreads.com/books/1349431865l/15757366._SY75_.jpg
"Night School (Night School, #1)","Daugherty, C.J.*",454pp,4,"Dec 09, 2012",Date Read Not Set,"October 28, 2018",1,9781907411212,1907411216,12576579,None,https://i.gr-assets.com/images/S/compressed.photo.goodreads.com/books/1352303569l/12576579._SY75_.jpg
"The Wicked King (The Folk of the Air, #2)","Black, Holly*",336pp,5,"Jan 08, 2019",Date Read Not Set,"October 27, 2018",1,9780316310338,0316310336,26032887,None,https://i.gr-assets.com/images/S/compressed.photo.goodreads.com/books/1520620414l/26032887._SY75_.jpg
"This Savage Song (Monsters of Verity, #1)","Schwab, Victoria*",469pp,4,"Jun 05, 2016",Date Read Not Set,"October 27, 2018",1,,,40642172,None,https://i.gr-assets.com/images/S/compressed.photo.goodreads.com/books/1529942103l/40642172._SY75_.jpg
"An Ember in the Ashes (An Ember in the Ashes, #1)","Tahir, Sabaa*",446pp,4,"Apr 28, 2015",Date Read Not Set,"October 27, 2018",1,,,27774758,None,https://i.gr-assets.com/images/S/compressed.photo.goodreads.com/books/1519425615l/27774758._SY75_.jpg
"Fantastic Beasts and Where to Find Them: The Original Screenplay (Fantastic Beasts: The Original Screenplay, #1)","Rowling, J.K.",293pp,4,"Nov 18, 2016",Date Read Not Set,"October 27, 2018",1,9781338109061,1338109065,29363501,None,https://i.gr-assets.com/images/S/compressed.photo.goodreads.com/books/1481542648l/29363501._SY75_.jpg
"Cinder (The Lunar Chronicles, #1)","Meyer, Marissa*",400pp,4,"Jan 03, 2012",Date Read Not Set,"October 27, 2018",1,,,36381037,None,https://i.gr-assets.com/images/S/compressed.photo.goodreads.com/books/1507557775l/36381037._SY75_.jpg
"Crystal Crowned (Air Awakens, #5)","Kova, Elise*",400pp,3,"Jul 12, 2016",Date Read Not Set,"October 27, 2018",1,,B01EGVEW70,29966062,None,https://i.gr-assets.com/images/S/compressed.photo.goodreads.com/books/1461167707l/29966062._SY75_.jpg
"Water's Wrath (Air Awakens, #4)","Kova, Elise*",378pp,4,"Apr 26, 2016",Date Read Not Set,"October 27, 2018",1,9781619844254,1619844257,29483403,None,https://i.gr-assets.com/images/S/compressed.photo.goodreads.com/books/1459114125l/29483403._SY75_.jpg
"Earth's End (Air Awakens, #3)","Kova, Elise*",350pp,3,"Feb 11, 2016",Date Read Not Set,"October 27, 2018",1,9781619844223,1619844222,26760091,None,https://i.gr-assets.com/images/S/compressed.photo.goodreads.com/books/1447570143l/26760091._SX50_.jpg
"Fire Falling (Air Awakens, #2)","Kova, Elise*",378pp,4,"Nov 19, 2015",Date Read Not Set,"October 27, 2018",1,9781619849525,1619849526,26047438,None,https://i.gr-assets.com/images/S/compressed.photo.goodreads.com/books/1440388938l/26047438._SY75_.jpg
"Air Awakens (Air Awakens, #1)","Kova, Elise*",342pp,4,"Aug 27, 2015",Date Read Not Set,"October 22, 2018",1,9781932549935,1932549935,23127048,None,https://i.gr-assets.com/images/S/compressed.photo.goodreads.com/books/1432967839l/23127048._SY75_.jpg
"Touch of Frost (Mythos Academy, #1)","Estep, Jennifer*",384pp,3,"Aug 01, 2011",Date Read Not Set,"October 22, 2018",1,9780758266927,0758266928,9439989,None,https://i.gr-assets.com/images/S/compressed.photo.goodreads.com/books/1701707148l/9439989._SY75_.jpg
"Restore Me (Shatter Me, #4)","Mafi, Tahereh",435pp,5,"Mar 06, 2018",Date Read Not Set,"October 02, 2018",1,9780062676368,0062676369,34992929,None,https://i.gr-assets.com/images/S/compressed.photo.goodreads.com/books/1507232049l/34992929._SY75_.jpg
"The Cruel Prince (The Folk of the Air, #1)","Black, Holly*",370pp,5,"Jan 02, 2018",Date Read Not Set,"August 25, 2018",1,,0316310271,26032825,None,https://i.gr-assets.com/images/S/compressed.photo.goodreads.com/books/1574535986l/26032825._SY75_.jpg
"The Mysterious Affair at Styles (Hercule Poirot, #1)","Christie, Agatha",121pp,3,"Jan 01, 1920",Date Read Not Set,"August 25, 2018",1,9780646418438,0646418432,16343,None,https://i.gr-assets.com/images/S/compressed.photo.goodreads.com/books/1386922393l/16343._SY75_.jpg
"A Court of Frost and Starlight (A Court of Thorns and Roses, #3.5)","Maas, Sarah J.*",229pp,1,"May 01, 2018",Date Read Not Set,"June 22, 2018",1,9781681196312,168119631X,31076583,None,https://i.gr-assets.com/images/S/compressed.photo.goodreads.com/books/1546407073l/31076583._SY75_.jpg
"Queen of Shadows (Throne of Glass, #4)","Maas, Sarah J.*",648pp,4,"Sep 01, 2015",Date Read Not Set,"June 22, 2018",1,9781619636040,,18006496,None,https://i.gr-assets.com/images/S/compressed.photo.goodreads.com/books/1441230104l/18006496._SY75_.jpg
"Heir of Fire (Throne of Glass, #3)","Maas, Sarah J.*",565pp,4,"Sep 02, 2014",Date Read Not Set,"June 22, 2018",1,9781619630659,,20613470,None,https://i.gr-assets.com/images/S/compressed.photo.goodreads.com/books/1460846511l/20613470._SY75_.jpg
"Crown of Midnight (Throne of Glass, #2)","Maas, Sarah J.*",420pp,3,"Aug 15, 2013",Date Read Not Set,"June 22, 2018",1,9781619630628,,17167166,None,https://i.gr-assets.com/images/S/compressed.photo.goodreads.com/books/1391580481l/17167166._SY75_.jpg
"The Coincidence of Callie & Kayden (The Coincidence, #1)","Sorensen, Jessica*",283pp,1,"Dec 13, 2012",Date Read Not Set,"April 22, 2018",1,,B00ANDLC6K,16113791,None,https://i.gr-assets.com/images/S/compressed.photo.goodreads.com/books/1353550763l/16113791._SY75_.jpg
"Mockingjay (The Hunger Games, #3)","Collins, Suzanne",390pp,4,"Aug 24, 2010",Date Read Not Set,"April 22, 2018",2,9780439023511,0439023513,7260188,None,https://i.gr-assets.com/images/S/compressed.photo.goodreads.com/books/1586722918l/7260188._SY75_.jpg
"Clockwork Princess (The Infernal Devices, #3)","Clare, Cassandra*",567pp,5,"Mar 19, 2013",Date Read Not Set,"April 22, 2018",2,9781406321340,1406321346,18335634,None,https://i.gr-assets.com/images/S/compressed.photo.goodreads.com/books/1436788488l/18335634._SY75_.jpg
"Catching Fire (The Hunger Games, #2)","Collins, Suzanne",391pp,4,"Sep 01, 2009",Date Read Not Set,"April 22, 2018",2,9780439023498,0439023491,6148028,None,https://i.gr-assets.com/images/S/compressed.photo.goodreads.com/books/1586722941l/6148028._SY75_.jpg
"City of Lost Souls (The Mortal Instruments, #5)","Clare, Cassandra*",535pp,3,"May 08, 2012",Date Read Not Set,"April 22, 2018",1,9781442416864,1442416866,8755776,None,https://i.gr-assets.com/images/S/compressed.photo.goodreads.com/books/1460477703l/8755776._SY75_.jpg
"Insurgent (Divergent, #2)","Roth, Veronica*",525pp,3,"May 01, 2012",Date Read Not Set,"April 22, 2018",1,9780007442911,0007442912,11735983,None,https://i.gr-assets.com/images/S/compressed.photo.goodreads.com/books/1618525340l/11735983._SY75_.jpg
"Breaking Dawn (The Twilight Saga, #4)","Meyer, Stephenie",756pp,2,"Aug 02, 2008",Date Read Not Set,"April 22, 2018",2,9780316067928,031606792X,1162543,None,https://i.gr-assets.com/images/S/compressed.photo.goodreads.com/books/1361039438l/1162543._SY75_.jpg
"Sad Cypress (Hercule Poirot, #22)","Christie, Agatha",336pp,0,Mar 1940,Date Read Not Set,"March 01, 2018",1,9780007120710,0007120710,433035,None,https://i.gr-assets.com/images/S/compressed.photo.goodreads.com/books/1701946828l/433035._SY75_.jpg
"The Murder on the Links (Hercule Poirot, #2)","Christie, Agatha",228pp,4,"Jan 01, 1934",Date Read Not Set,"March 01, 2018",1,9780425067949,0425067947,639787,None,https://i.gr-assets.com/images/S/compressed.photo.goodreads.com/books/1384562979l/639787._SY75_.jpg
"Evil Under the Sun (Hercule Poirot, #24)","Christie, Agatha",220pp,4,Jun 1941,Date Read Not Set,"March 01, 2018",1,9781579126285,1579126286,16305,None,https://i.gr-assets.com/images/S/compressed.photo.goodreads.com/books/1386922974l/16305._SY75_.jpg
"The A.B.C. Murders (Hercule Poirot, #13)","Christie, Agatha",232pp,5,"Jan 06, 1936",Date Read Not Set,"March 01, 2018",1,9781579126247,1579126243,16322,None,https://i.gr-assets.com/images/S/compressed.photo.goodreads.com/books/1389733983l/16322._SY75_.jpg
"Peril at End House (Hercule Poirot, #8)","Christie, Agatha",287pp,4,1932,Date Read Not Set,"February 20, 2018",1,9780007119301,0007119305,16424,None,https://i.gr-assets.com/images/S/compressed.photo.goodreads.com/books/1327938128l/16424._SY75_.jpg
"The Cuckoo's Calling (Cormoran Strike, #1)","Galbraith, Robert",456pp,4,"Apr 18, 2013",Date Read Not Set,"February 20, 2018",1,9780316206846,0316206849,16160797,None,https://i.gr-assets.com/images/S/compressed.photo.goodreads.com/books/1540217136l/16160797._SY75_.jpg
"The Giver (The Giver, #1)","Lowry, Lois*",208pp,4,"Apr 26, 1993",Date Read Not Set,"July 25, 2017",1,9780385732550,0385732554,3636,None,https://i.gr-assets.com/images/S/compressed.photo.goodreads.com/books/1342493368l/3636._SY75_.jpg
"Beautiful Disaster (Beautiful, #1)","McGuire, Jamie*",432pp,3,"May 26, 2011",Date Read Not Set,"July 15, 2017",1,,,11505797,None,https://i.gr-assets.com/images/S/compressed.photo.goodreads.com/books/1358259032l/11505797._SY75_.jpg
"Lord of Shadows (The Dark Artifices, #2)","Clare, Cassandra*",699pp,5,"May 23, 2017",Date Read Not Set,"June 19, 2017",1,9781442468405,1442468408,30312891,None,https://i.gr-assets.com/images/S/compressed.photo.goodreads.com/books/1479513427l/30312891._SY75_.jpg
Textrovert,"Summers, Lindsey*",235pp,3,"May 02, 2017",Date Read Not Set,"May 19, 2017",1,9781771387354,1771387351,30960329,None,https://i.gr-assets.com/images/S/compressed.photo.goodreads.com/books/1493648743l/30960329._SY75_.jpg
Only Ever Yours,"O'Neill, Louise",400pp,5,"Jul 03, 2014",Date Read Not Set,"May 14, 2017",1,,B00IS05L3A,21805717,None,https://i.gr-assets.com/images/S/compressed.photo.goodreads.com/books/1441273940l/21805717._SY75_.jpg
"Wintersong (Wintersong, #1)","Jae-Jones, S.*",436pp,2,"Feb 07, 2017",Date Read Not Set,"March 02, 2017",1,9781250079213,1250079217,24763621,None,https://i.gr-assets.com/images/S/compressed.photo.goodreads.com/books/1479206906l/24763621._SY75_.jpg
"A Court of Mist and Fury (A Court of Thorns and Roses, #2)","Maas, Sarah J.*",643pp,5,"May 03, 2016","Dec 22, 2016","December 22, 2016",1,,B01A8ZNWXS,28477453,None,https://i.gr-assets.com/images/S/compressed.photo.goodreads.com/books/1452783895l/28477453._SY75_.jpg
"Harry Potter and the Cursed Child: Parts One and Two (Harry Potter, #8)","Rowling, J.K.",343pp,5,"Jul 31, 2016",Date Read Not Set,"December 18, 2016",1,,0751565350,29056083,None,https://i.gr-assets.com/images/S/compressed.photo.goodreads.com/books/1470082995l/29056083._SY75_.jpg
The Tales of Beedle the Bard,"Rowling, J.K.",105pp,5,"Jan 01, 2008",Date Read Not Set,"December 18, 2016",1,9780747599876,0747599874,3950967,None,https://i.gr-assets.com/images/S/compressed.photo.goodreads.com/books/1630876355l/3950967._SX50_.jpg
"Harry Potter and the Chamber of Secrets (Harry Potter, #2)","Rowling, J.K.",341pp,5,"Jul 02, 1998",Date Read Not Set,"December 18, 2016",1,,B00ES27LCQ,15881,None,https://i.gr-assets.com/images/S/compressed.photo.goodreads.com/books/1474169725l/15881._SY75_.jpg
"Harry Potter and the Order of the Phoenix (Harry Potter, #5)","Rowling, J.K.",912pp,5,"Jun 21, 2003",Date Read Not Set,"December 18, 2016",1,,,2,None,https://i.gr-assets.com/images/S/compressed.photo.goodreads.com/books/1546910265l/2._SY75_.jpg
"Harry Potter and the Goblet of Fire (Harry Potter, #4)","Rowling, J.K.",734pp,5,"Jul 08, 2000",Date Read Not Set,"December 18, 2016",1,,,6,None,https://i.gr-assets.com/images/S/compressed.photo.goodreads.com/books/1554006152l/6._SX50_.jpg
"Harry Potter and the Deathly Hallows (Harry Potter, #7)","Rowling, J.K.",759pp,5,"Jul 21, 2007",Date Read Not Set,"December 18, 2016",1,,,136251,None,https://i.gr-assets.com/images/S/compressed.photo.goodreads.com/books/1663805647l/136251._SY75_.jpg
"Harry Potter and the Prisoner of Azkaban (Harry Potter, #3)","Rowling, J.K.",435pp,5,"Jul 08, 1999",Date Read Not Set,"December 18, 2016",1,9780439655484,043965548X,5,None,https://i.gr-assets.com/images/S/compressed.photo.goodreads.com/books/1630547330l/5._SY75_.jpg
"A Court of Wings and Ruin (A Court of Thorns and Roses, #3)","Maas, Sarah J.*",705pp,4,"May 02, 2017",Date Read Not Set,"December 18, 2016",1,9781408857908,1408857901,23766634,None,https://i.gr-assets.com/images/S/compressed.photo.goodreads.com/books/1555221560l/23766634._SY75_.jpg
"A Court of Thorns and Roses (A Court of Thorns and Roses, #1)","Maas, Sarah J.*",432pp,5,"May 05, 2015","Dec 16, 2016","December 13, 2016",1,9781619634442,1619634449,16096824,None,https://i.gr-assets.com/images/S/compressed.photo.goodreads.com/books/1546406962l/16096824._SY75_.jpg
"Flawed (Flawed, #1)","Ahern, Cecelia",417pp,5,"Mar 24, 2016","Oct 17, 2016","October 17, 2016",1,9780008125103,B00RSOWCLG,25859216,None,https://i.gr-assets.com/images/S/compressed.photo.goodreads.com/books/1458595902l/25859216._SY75_.jpg
"Perfect (Flawed, #2)","Ahern, Cecelia",341pp,4,2017,Date Read Not Set,"October 17, 2016",1,9781250074126,1250074126,28116714,None,https://i.gr-assets.com/images/S/compressed.photo.goodreads.com/books/1464834525l/28116714._SY75_.jpg
"Harry Potter and the Half-Blood Prince (Harry Potter, #6)","Rowling, J.K.",652pp,5,"Jul 16, 2005",Date Read Not Set,"July 05, 2016",0,,,1,None,https://i.gr-assets.com/images/S/compressed.photo.goodreads.com/books/1587697303l/1._SX50_.jpg
"Nightshade (Nightshade, #1; Nightshade World, #4)","Cremer, Andrea*",452pp,2,"Oct 19, 2010",Date Read Not Set,"July 05, 2016",1,9780399254826,039925482X,7402393,None,https://i.gr-assets.com/images/S/compressed.photo.goodreads.com/books/1333400218l/7402393._SY75_.jpg
"Beautiful Creatures (Caster Chronicles, #1)","Garcia, Kami*",563pp,3,"Dec 01, 2009",Date Read Not Set,"July 05, 2016",1,9780316042673,0316042676,6304335,None,https://i.gr-assets.com/images/S/compressed.photo.goodreads.com/books/1327873282l/6304335._SY75_.jpg
"Awry (The Archers of Avalon, #2)","Fine, Chelsea*",495pp,1,"Jun 10, 2010",Date Read Not Set,"July 05, 2016",1,,B008AEDOA6,13334934,None,https://i.gr-assets.com/images/S/compressed.photo.goodreads.com/books/1336363011l/13334934._SY75_.jpg
"New Moon (The Twilight Saga, #2)","Meyer, Stephenie",563pp,1,"Sep 06, 2006",Date Read Not Set,"July 05, 2016",1,,,49041,None,https://i.gr-assets.com/images/S/compressed.photo.goodreads.com/books/1630592760l/49041._SX50_.jpg
"Eclipse (The Twilight Saga, #3)","Meyer, Stephenie",629pp,2,"Aug 07, 2007",Date Read Not Set,"July 05, 2016",1,9780316160209,0316160202,428263,None,https://i.gr-assets.com/images/S/compressed.photo.goodreads.com/books/1361038355l/428263._SY75_.jpg
"Deity (Covenant, #3)","Armentrout, Jennifer L.*",330pp,3,"Oct 31, 2012",Date Read Not Set,"July 05, 2016",1,9781937053147,1937053148,9761778,None,https://i.gr-assets.com/images/S/compressed.photo.goodreads.com/books/1323658176l/9761778._SX50_.jpg
"City of Fallen Angels (The Mortal Instruments, #4)","Clare, Cassandra*",425pp,4,"Apr 05, 2011",Date Read Not Set,"July 05, 2016",1,9781442403543,1442403543,6752378,None,https://i.gr-assets.com/images/S/compressed.photo.goodreads.com/books/1369452302l/6752378._SY75_.jpg
"Born at Midnight (Shadow Falls, #1)","Hunter, C.C.*",398pp,1,"Mar 29, 2011",Date Read Not Set,"July 05, 2016",1,9780312624675,0312624670,8705784,None,https://i.gr-assets.com/images/S/compressed.photo.goodreads.com/books/1546092698l/8705784._SX50_.jpg
"Clockwork Prince (The Infernal Devices, #2)","Clare, Cassandra*",498pp,5,"Dec 06, 2011",Date Read Not Set,"July 05, 2016",1,9781416975885,1416975888,10025305,None,https://i.gr-assets.com/images/S/compressed.photo.goodreads.com/books/1460477747l/10025305._SY75_.jpg
"City of Ashes (The Mortal Instruments, #2)","Clare, Cassandra*",453pp,3,"Aug 07, 2008",Date Read Not Set,"July 05, 2016",1,9781416914297,1416914293,1582996,None,https://i.gr-assets.com/images/S/compressed.photo.goodreads.com/books/1432730356l/1582996._SY75_.jpg
"City of Glass (The Mortal Instruments, #3)","Clare, Cassandra*",541pp,4,"Mar 24, 2009",Date Read Not Set,"July 05, 2016",1,9781416914303,1416914307,3777732,None,https://i.gr-assets.com/images/S/compressed.photo.goodreads.com/books/1369452339l/3777732._SY75_.jpg
"Pure (Covenant, #2)","Armentrout, Jennifer L.*",329pp,3,"Apr 03, 2012",Date Read Not Set,"July 05, 2016",1,9780983157229,0983157227,9761771,None,https://i.gr-assets.com/images/S/compressed.photo.goodreads.com/books/1296780419l/9761771._SX50_.jpg
"Opal (Lux, #3)","Armentrout, Jennifer L.*",394pp,4,"Dec 11, 2012",Date Read Not Set,"July 05, 2016",1,9781620610091,1620610094,13362536,None,https://i.gr-assets.com/images/S/compressed.photo.goodreads.com/books/1553011318l/13362536._SY75_.jpg
"Half-Blood (Covenant, #1)","Armentrout, Jennifer L.*",281pp,4,"Oct 18, 2011","Jul 05, 2016","July 05, 2016",1,9780983157205,0983157200,9680718,None,https://i.gr-assets.com/images/S/compressed.photo.goodreads.com/books/1311865840l/9680718._SX50_.jpg
"Onyx (Lux, #2)","Armentrout, Jennifer L.*",421pp,4,"Aug 14, 2012",Date Read Not Set,"July 05, 2016",1,,,13047090,None,https://i.gr-assets.com/images/S/compressed.photo.goodreads.com/books/1329408511l/13047090._SY75_.jpg
"Daughter of Smoke & Bone (Daughter of Smoke & Bone, #1)","Taylor, Laini*",418pp,1,"Sep 27, 2011",Date Read Not Set,"July 01, 2016",1,9780316134026,0316134023,8490112,None,https://i.gr-assets.com/images/S/compressed.photo.goodreads.com/books/1461353773l/8490112._SY75_.jpg
"Lady Midnight (The Dark Artifices, #1)","Clare, Cassandra*",688pp,5,"Mar 08, 2016",Date Read Not Set,"July 01, 2016",1,9781442468351,,25494343,None,https://i.gr-assets.com/images/S/compressed.photo.goodreads.com/books/1460477682l/25494343._SY75_.jpg
"Opposition (Lux, #5)","Armentrout, Jennifer L.*",533pp,4,"Aug 05, 2014",Date Read Not Set,"July 01, 2016",1,9781622662647,1622662644,13644055,None,https://i.gr-assets.com/images/S/compressed.photo.goodreads.com/books/1398694101l/13644055._SX50_.jpg
"Origin (Lux, #4)","Armentrout, Jennifer L.*",374pp,4,"Aug 27, 2013",Date Read Not Set,"July 01, 2016",1,,,13644052,None,https://i.gr-assets.com/images/S/compressed.photo.goodreads.com/books/1398100888l/13644052._SX50_.jpg
"Ignite Me (Shatter Me, #3)","Mafi, Tahereh",421pp,4,"Feb 04, 2014","Jun 21, 2016","June 21, 2016",1,,B00DB2YN0C,13188676,None,https://i.gr-assets.com/images/S/compressed.photo.goodreads.com/books/1375972497l/13188676._SY75_.jpg
"Unravel Me (Shatter Me, #2)","Mafi, Tahereh",480pp,4,"Feb 05, 2013","Jun 20, 2016","June 20, 2016",1,,B0089LOFGC,16126252,None,https://i.gr-assets.com/images/S/compressed.photo.goodreads.com/books/1351982601l/16126252._SY75_.jpg
"Shatter Me (Shatter Me, #1)","Mafi, Tahereh",338pp,4,"Nov 15, 2011","Jun 19, 2016","June 18, 2016",1,9780062085481,0062085484,10429045,None,https://i.gr-assets.com/images/S/compressed.photo.goodreads.com/books/1310649047l/10429045._SY75_.jpg
"The One (The Selection, #3)","Cass, Kiera*",341pp,4,"May 06, 2014","Jun 14, 2016","June 14, 2016",1,,B00HY5ZRVG,22020741,None,https://i.gr-assets.com/images/S/compressed.photo.goodreads.com/books/1427889113l/22020741._SY75_.jpg
"Fablehaven (Fablehaven, #1)","Mull, Brandon*",351pp,4,"Jun 07, 2006",Date Read Not Set,"May 29, 2016",1,9781590385814,1590385810,44652,awesome,https://i.gr-assets.com/images/S/compressed.photo.goodreads.com/books/1460309528l/44652._SX50_.jpg
The Book Thief,"Zusak, Markus*",592pp,4,"Sep 01, 2005",Date Read Not Set,"May 29, 2016",1,,0375831002,19063,None,https://i.gr-assets.com/images/S/compressed.photo.goodreads.com/books/1522157426l/19063._SY75_.jpg
"Sweet Evil (Sweet, #1)","Higgins, Wendy*",447pp,1,"May 01, 2012",Date Read Not Set,"May 29, 2016",1,9780062085610,0062085611,11808950,None,https://i.gr-assets.com/images/S/compressed.photo.goodreads.com/books/1337613719l/11808950._SY75_.jpg
"Prep School Confidential (Prep School Confidential, #1)","Taylor, Kara*",310pp,2,"Jul 30, 2013","Jun 10, 2016","May 26, 2016",1,9781250017598,1250017599,13411546,None,https://i.gr-assets.com/images/S/compressed.photo.goodreads.com/books/1362062511l/13411546._SX50_.jpg
"Harry Potter and the Sorcerer's Stone (Harry Potter, #1)","Rowling, J.K.",309pp,4,"Jun 26, 1997",Date Read Not Set,"May 26, 2016",1,,0439554934,3,None,https://i.gr-assets.com/images/S/compressed.photo.goodreads.com/books/1474154022l/3._SY75_.jpg
"Hex Hall (Hex Hall, #1)","Hawkins, Rachel*",323pp,2,"Mar 02, 2010",Date Read Not Set,"May 26, 2016",1,9781423121305,1423121309,5287473,I found it a little pretentious and slightly fake. The plot is not as interesting as the summary and also i found the ending a little abrupt. SPOILERI found it a little pretentious and slightly fake. The plot is not as interesting as the summary and also i found the ending a little abrupt. SPOILER ALERT - I think it was a little to easy for the protagonist to kill the antagonist...more,https://i.gr-assets.com/images/S/compressed.photo.goodreads.com/books/1368393885l/5287473._SY75_.jpg
"The Lost Hero (The Heroes of Olympus, #1)","Riordan, Rick*",576pp,4,"Oct 12, 2010",Date Read Not Set,"May 21, 2016",1,9781423113393,142311339X,7736182,None,https://i.gr-assets.com/images/S/compressed.photo.goodreads.com/books/1464201003l/7736182._SY75_.jpg
"The Hunger Games (The Hunger Games, #1)","Collins, Suzanne",374pp,5,"Sep 14, 2008",Date Read Not Set,"May 21, 2016",1,9780439023481,0439023483,2767052,None,https://i.gr-assets.com/images/S/compressed.photo.goodreads.com/books/1586722975l/2767052._SX50_.jpg
The Fault in Our Stars,"Green, John*",313pp,5,"Jan 10, 2012",Date Read Not Set,"May 21, 2016",1,,,11870085,None,https://i.gr-assets.com/images/S/compressed.photo.goodreads.com/books/1660273739l/11870085._SX50_.jpg
"Divergent (Divergent, #1)","Roth, Veronica*",487pp,5,"Apr 25, 2011",Date Read Not Set,"May 21, 2016",1,9780062024039,0062024035,13335037,None,https://i.gr-assets.com/images/S/compressed.photo.goodreads.com/books/1618526890l/13335037._SY75_.jpg
"Twilight (The Twilight Saga, #1)","Meyer, Stephenie",498pp,2,"Oct 05, 2005",Date Read Not Set,"May 21, 2016",1,9780316015844,0316015849,41865,None,https://i.gr-assets.com/images/S/compressed.photo.goodreads.com/books/1700522826l/41865._SY75_.jpg
"City of Bones (The Mortal Instruments, #1)","Clare, Cassandra*",485pp,3,"Mar 27, 2007",Date Read Not Set,"May 21, 2016",1,9781416914280,1416914285,256683,None,https://i.gr-assets.com/images/S/compressed.photo.goodreads.com/books/1432730315l/256683._SY75_.jpg
"The Maze Runner (The Maze Runner, #1)","Dashner, James*",384pp,4,"Oct 06, 2009",Date Read Not Set,"May 21, 2016",1,9780385737944,0385737947,6186357,None,https://i.gr-assets.com/images/S/compressed.photo.goodreads.com/books/1375596592l/6186357._SY75_.jpg
"Clockwork Angel (The Infernal Devices, #1)","Clare, Cassandra*",479pp,5,"Aug 31, 2010",Date Read Not Set,"May 21, 2016",1,9781416975861,,7171637,None,https://i.gr-assets.com/images/S/compressed.photo.goodreads.com/books/1693490271l/7171637._SY75_.jpg
"The Selection (The Selection, #1)","Cass, Kiera*",336pp,4,"Apr 24, 2012",Date Read Not Set,"May 21, 2016",1,9780062059932,B00BG7DY04,10507293,None,https://i.gr-assets.com/images/S/compressed.photo.goodreads.com/books/1322103400l/10507293._SY75_.jpg
"Legend (Legend, #1)","Lu, Marie*",305pp,4,"Nov 29, 2011",Date Read Not Set,"May 21, 2016",1,,,9275658,None,https://i.gr-assets.com/images/S/compressed.photo.goodreads.com/books/1501368160l/9275658._SY75_.jpg
"The Lightning Thief (Percy Jackson and the Olympians, #1)","Riordan, Rick*",377pp,4,"Jul 28, 2005",Date Read Not Set,"May 21, 2016",1,,,28187,None,https://i.gr-assets.com/images/S/compressed.photo.goodreads.com/books/1400602609l/28187._SY75_.jpg
"Throne of Glass (Throne of Glass, #1)","Maas, Sarah J.*",406pp,4,"Aug 07, 2012",Date Read Not Set,"May 21, 2016",1,,,7896527,None,https://i.gr-assets.com/images/S/compressed.photo.goodreads.com/books/1495278054l/7896527._SY75_.jpg
"Fallen (Fallen, #1)","Kate, Lauren*",464pp,1,"Dec 08, 2009",Date Read Not Set,"May 21, 2016",1,9780385738934,0385738935,6487308,None,https://i.gr-assets.com/images/S/compressed.photo.goodreads.com/books/1440619649l/6487308._SY75_.jpg
"Vampire Academy (Vampire Academy, #1)","Mead, Richelle*",332pp,2,"Aug 16, 2007",Date Read Not Set,"May 21, 2016",1,,,18660669,None,https://i.gr-assets.com/images/S/compressed.photo.goodreads.com/books/1381459853l/18660669._SY75_.jpg
"Obsidian (Lux, #1)","Armentrout, Jennifer L.*",335pp,5,"Nov 29, 2011",Date Read Not Set,"May 21, 2016",1,,,12578077,None,https://i.gr-assets.com/images/S/compressed.photo.goodreads.com/books/1328275091l/12578077._SY75_.jpg
"Perfect Chemistry (Perfect Chemistry, #1)","Elkeles, Simone*",368pp,2,"Dec 23, 2008",Date Read Not Set,"May 21, 2016",1,9780802798237,0802798233,4268157,None,https://i.gr-assets.com/images/S/compressed.photo.goodreads.com/books/1439792475l/4268157._SX50_.jpg
